images,drive_id
photo_1735258213782.JPEG,1-EizdSQkHYzopfl_pEpqHLxoULJN-r2w
photo_1735257681949.JPEG,1-eVMls2GecIEXuSH-EUQOcHu3n9AKjcw
photo_1735255590665.JPEG,109zLPe9SWeL2yZPdSNKfoC4MXNUnupZk
photo_1735255123190.JPEG,11WsFpVlqOLUEm1-ySeu1Tl09y4ah-ay_
photo_1735253027968.JPEG,11oCU9FLuzsbgBf88ndgC1LB_7vfKpFlr
IMG_9120.JPEG,1EeanYKEikHrK4281wIk_zvPLQKyT3dFG
IMG_9125.JPEG,1FI-Hw3UbC8GrD2HcbWC9XawBYUDmilKY
photo_1735255800195.JPEG,1NN-CyAuJB5pJBW4-bNIrbg-3p67bSKdw
photo_1735253263168.JPEG,1QLRObMgC1PnKFxvn8FsA8V3wm449yM4R
photo_1735259062351.JPEG,1UM-KajGKTPcc2OqgqFzluwE3TPcnKxvn
photo_1735252645216.JPEG,1Y0rGShd4Mh1tfjB0kC-JzX3o--j7fi9R
photo_1735253843891.JPEG,1YBrYDmIVl0vdivBIhtRlHDjNDmZg2JeP
photo_1735255871471.JPEG,1gR-hg2ZPsMKXNowcHqi1t4mjFueG8J1W
photo_1735254381908.JPEG,1g_C5t8a5oxr_UxkmANCBI_51bqhHIuEG
photo_1735256940585.JPEG,1iHMSW5Y3OOAWXTHYrD4-a1k8xGjwKXHb
photo_1735252778576.JPEG,1j6XKTtpMa5oqKmSGhea2z3QdYfVMtMhB
photo_1735255963215.JPEG,1nkzpb8pxD32JK-yxudxjNo-BKlRoVYNc
photo_1735255050699.JPEG,1o1RH6NcMFFI-h73XEsW7PirIsJkp8Y5z
photo_1735257144901.JPEG,1qCENtwulriVqWN-fhN4w3NASNCxPri9C
photo_1735255282254.JPEG,1qkfccrZRj6xhpqTy9ccQqG7pgsQNFEIg
photo_1735254826345.JPEG,1sLIrVnH6nlVsOWffFtbG4_Ce1b-XZGCL
photo_1735256203322.JPEG,1w-EiztX6Zwr2Ha4PE7G2qNdPKELV8Tz7
photo_1735254173098.JPEG,1w2HlmbJXuTh_ZKKhvGclXufLLu2d-WSj
photo_1735256850141.JPEG,1xlhR99374Y-Vv8Q-vDg51oXArLgCACMI
photo_1735251985013.JPEG,108QrfC1cnSScZbW_Rhm6oKC-0oNJC6yA
photo_1735258435111.JPEG,10IV6Ni0qk9m8toC5Kqtf7jNozPoSQ-OL
photo_1735254255862.JPEG,11AEyFTSEaRxjc2bMdBy012yWnQn7OJhr
photo_1735258009618.JPEG,11YTB9S0CuiKpKw_Jq-WaHbexm_GbEmC9
photo_1735255497313.JPEG,11h7B6PdYrCDnTNIrGzJP9uqZBgdyA3Eb
photo_1735257027040.JPEG,13Bnjrs9lSUOUWxKMqjxJypn7exjfauws
photo_1735258339671.JPEG,19Zwe9qj8awxV4PedR_rswoY-BFFMrkyx
photo_1735255022676.JPEG,1ANHkFEiNaGtYdv8KGmQroQDMKXj2AD69
photo_1735253595818.JPEG,1B5OzcBOjIla39fewuRCfwsjpvs7MOVr6
photo_1735256339815.JPEG,1BHhzB_fRxfsnevMz9F_p3mye_Qj-VTij
photo_1735258797974.JPEG,1HNxmgaSSdiZnZoxmjGwAtWRn9gUXPZpL
photo_1735254501292.JPEG,1IdhfM_bSZ10Fr_dN2irntQN-1R9ok3LY
photo_1735256646210.JPEG,1L2mbPFhURGlHMKpBKswxyGul_t75W1Og
photo_1735252537843.JPEG,1LFftm6f4bVGhw4h1Jv4PK7qTebIzsrFK
photo_1735258694775.JPEG,1NB74W0QcQlfKk7gY9nhz1JMlc1kKQynj
photo_1735256765191.JPEG,1QuCcywLt1C3tCJlqYFccyIsTez1ah6ak
photo_1735255733681.JPEG,1RJDmBJ7toI6YV2iRccaWjJzlfPJenD9G
photo_1735253806203.JPEG,1TtdPteRppHZy5wvpzz6BnK8uztBaHHxu
photo_1735256131299.JPEG,1XwgS47z-trO5ldH6FMW4XheQ3BOj12ir
photo_1735256574826.JPEG,1_IBsb2pwxDQ9foSWDy4tekMyRNbmkclx
photo_1735256494637.JPEG,1doadngS36wqd_3qh-tYBNP7dyd23RHQA
photo_1735254295400.JPEG,1g2PQ9K9-7c5xdM4Fd0YXBEk3GIGjC5JH
photo_1735258213769.JPEG,1gcbYThyy-Ze8hDVAb_2gO_61nuy8zie4
photo_1735256416089.JPEG,1jWVkEco-rHgxksdnofl84nDtBRghnQkR
photo_1735258938013.JPEG,1nyAWNvf7NBh4hkU7pm3zGMVM8N-sUVdC
photo_1735254506947.JPEG,1t4pSXLuhKeo4GZmdt8d6lHUy2q6jVC4P
photo_1735255712478.JPEG,1unXMywqnqqIahQG9IM91-zgprCwwDcmO
photo_1735258519609.JPEG,1yX34hRKQWfLnXNK48zd49117Rfqonk1_
photo_1735256335462.JPEG,1-AQRwLpLTy-Vs_VOMHJdowRBTWBgICyD
photo_1735252206451.JPEG,11eC0EcaznArvZ2Y_tXppOoI4QQPMCxfV
photo_1735256187700.JPEG,16xLnIJPMnwjVHf6wrUCDRjZnVnCkYDfq
photo_1735255478704.JPEG,1BQog-MyssjQabYjRAMxWBqeon914TJGA
photo_1735256043107.JPEG,1D4jmlcOVCZCUs1d1dfh8YsIm7GKcLqi0
photo_1757788878566.JPEG,1EYdSvIBsTUoW91ws4DTTrIMKzuVWaso5
photo_1735252876297.JPEG,1Fodr05PGHKlqDZ9N4ZBDD3F3MKDLC243
photo_1735257348908.JPEG,1JDVGvLUaUTr3rn7qOEsjZjmAP3vI_Z4s
photo_1735258748370.JPEG,1O-Tg7hwI3T0V4kOyDZMr5XpiEiDl8Fsk
photo_1735252411122.JPEG,1PzQJoe3N4EzGnSWjebQ4lznAUbYYnjgZ
photo_1735254885081.JPEG,1T-cHchZu6DE5h8wZc6GKQTokmdhRFdHy
photo_1735252696667.JPEG,1VNTU84-qvpYJ7Slm6_EXK2i77eBuzm1_
photo_1735256550503.JPEG,1XCFzpZdr0lseG0OtFVd7_wfO0W3M_NGA
photo_1735256050699.JPEG,1ahf8VGDfQSFIqVSDECDArN4lr2V-F58Z
photo_1735253382899.JPEG,1akSdbXfrtrh93VCRsAtQPugQPybYMWpn
photo_1735253711195.JPEG,1b93pqYL-cexCK1hiVFA7xmLrcxFdEfTu
photo_1735251525103.JPEG,1eneCnT0cfE0-eoGXD1i-BwG9aHPvas0C
photo_1735256737019.JPEG,1jocsiiey3o8XgkeWpHmEGmPtD3ooaN1T
photo_1735257005440.JPEG,1pQJK7oM6XJC9aX6b57L6-sztjy1RI5pU
photo_1735254851141.JPEG,1shupzUUni9bCcEbBhwgZvfDGAmQFIqhj
photo_1735253143207.JPEG,1t3m-dk1emUKlpKGpI2cAnuWphW4H6KMB
photo_1735258115561.JPEG,1vEXVOfBRvMZBHnTcep8APhHiMqbkPqO_
